<?xml version="1.0" encoding="UTF-8"?>
<project-private xmlns="http://www.netbeans.org/ns/project-private/1">
    <editor-bookmarks xmlns="http://www.netbeans.org/ns/editor-bookmarks/2" lastBookmarkId="0"/>
    <open-files xmlns="http://www.netbeans.org/ns/projectui-open-files/2">
        <group>
            <file>file:/C:/Users/Usuario/Documents/0-SEMESTRE%203/ALGORTIMOS%201/OBLIGATORIOS%201%20Y%202%20SEGUNDO%20SEMESTRE%202024/SistemaBiblioteca%20Ago2024%20OBLIGATORIO2%2020112024/SistemaBiblioteca%20Ago2024%20OBLIGATORIO2%2020112024/SistemaBiblioteca%20Ago2024%2020112024/src/tads/ListaSimple.java</file>
            <file>file:/C:/Users/Usuario/Documents/0-SEMESTRE%203/ALGORTIMOS%201/OBLIGATORIOS%201%20Y%202%20SEGUNDO%20SEMESTRE%202024/SistemaBiblioteca%20Ago2024%20OBLIGATORIO2%2020112024/SistemaBiblioteca%20Ago2024%20OBLIGATORIO2%2020112024/SistemaBiblioteca%20Ago2024%2020112024/test/sistemaAutogestion/IObligatorioTest.java</file>
            <file>file:/C:/Users/Usuario/Documents/0-SEMESTRE%203/ALGORTIMOS%201/OBLIGATORIOS%201%20Y%202%20SEGUNDO%20SEMESTRE%202024/SistemaBiblioteca%20Ago2024%20OBLIGATORIO2%2020112024/SistemaBiblioteca%20Ago2024%20OBLIGATORIO2%2020112024/SistemaBiblioteca%20Ago2024%2020112024/src/sistemaAutogestion/Sistema.java</file>
            <file>file:/C:/Users/Usuario/Documents/0-SEMESTRE%203/ALGORTIMOS%201/OBLIGATORIOS%201%20Y%202%20SEGUNDO%20SEMESTRE%202024/SistemaBiblioteca%20Ago2024%20OBLIGATORIO2%2020112024/SistemaBiblioteca%20Ago2024%20OBLIGATORIO2%2020112024/SistemaBiblioteca%20Ago2024%2020112024/src/dominio/Libro.java</file>
            <file>file:/C:/Users/Usuario/Documents/0-SEMESTRE%203/ALGORTIMOS%201/OBLIGATORIOS%201%20Y%202%20SEGUNDO%20SEMESTRE%202024/SistemaBiblioteca%20Ago2024%20OBLIGATORIO2%2020112024/SistemaBiblioteca%20Ago2024%20OBLIGATORIO2%2020112024/SistemaBiblioteca%20Ago2024%2020112024/src/sistemaAutogestion/IObligatorio.java</file>
        </group>
    </open-files>
</project-private>
